Collection,Sales USD,Sales,Buyers,Sellers,Txns
Axie Infinity,"$4,039,534,254.00","1,304,187.8415 ETH","1,676,747","1,212,796","15,184,289"
CryptoPunks,"$2,147,757,886.00","751,369.9487 ETH","5,364","3,495","20,607"
Bored Ape YC,"$1,556,766,641.00","486,670.0007 ETH","9,890","7,407","25,338"
Art Blocks,"$1,214,278,363.00","382,573.9721 ETH","27,607","25,771","147,670"
Mutant Ape Yacht Club,"$1,066,420,031.00","100,658,796.3248 ETH","18,149","13,621","32,775"
NBA Top Shot,"$956,238,617.00","956,238,617.38 USD","421,962","414,100","18,133,518"
VeeFriends,"$518,389,135.00","556,983.4073 ETH","5,946","2,115","13,072"
CloneX,"$486,722,182.00","104,436,995.7772 ETH","7,482","6,206","14,094"
Meebits,"$440,995,469.00","101,975,013.9329 ETH","9,821","6,743","28,433"
Azuki,"$413,958,437.00","146,849.5501 ETH","11,029","8,878","22,789"
The Sandbox,"$367,995,739.00","96,219.0234 ETH","23,122","12,949","51,328"
Doodles,"$322,451,019.00","93,546.0505 ETH","10,639","8,518","20,088"
Cool Cats,"$316,645,050.00","20,246,908.7897 ETH","10,327","7,888","27,943"
Loot,"$277,412,813.00","243,176,055.8400 ETH","3,985","3,135","11,207"
Sorare,"$267,327,286.00","100,488.3778 ETH","79,816","83,094","1,739,219"
Bored Ape Kennel Club,"$247,617,238.00","85,803.8415 ETH","8,530","7,998","19,627"
CrypToadz,"$218,847,314.00","62,925.3099 ETH","8,338","6,419","19,125"
Parallel Alpha,"$216,233,392.00","65,133.2898 ETH","20,608","15,582","99,409"
Farmers World,"$195,388,209.00","438,855,006.35 WAX","63,905","49,470","3,934,821"
World Of Women,"$192,354,627.00","60,574.2293 ETH","9,002","6,967","22,553"
CyberKongz,"$190,237,052.00","2,548,275.5617 ETH","3,616","2,419","6,137"
MekaVerse,"$173,516,601.00","47,636.7547 ETH","6,196","6,961","12,649"
Crabada,"$172,906,576.00","1,212,854,051.50 AVAX","6,123","3,692","96,343"
Zed Horse,"$167,637,749.00","150,790.73 MATIC","65,193","32,340","432,239"
Solana Monkey Biz,"$166,470,097.00","1,224,732.84 SOL","3,847","3,005","9,447"
PUNKS Comic,"$166,417,934.00","49,013.6335 ETH","4,359","3,669","11,134"
Bored Ape CC,"$158,205,763.00","47,151.2843 ETH","2,023","2,102","3,545"
Pudgy Penguins,"$157,504,245.00","47,930.3539 ETH","11,985","9,578","31,075"
0N1 Force,"$157,035,827.00","47,376.8570 ETH","8,624","6,896","18,976"
HAPE PRIME,"$148,740,145.00","52,093.8054 ETH","5,567","5,844","9,108"
Zed Run,"$140,446,137.00","86,595,560.42 MATIC","62,575","29,801","254,006"
NFT Worlds,"$128,871,405.00","65,011.6497 ETH","7,987","9,173","18,516"
Degenerate Ape,"$127,590,215.00","1,119,628.16 SOL","7,025","6,342","19,346"
RTFKT CloneX,"$124,983,786.00","33,070.2045 ETH","2,697","2,685","5,773"
Creature World NFT,"$116,915,981.00","34,222.1068 ETH","11,758","8,659","24,452"
Curio Cards,"$116,010,210.00","36,452.9654 ETH","7,325","4,247","22,579"
Karafuru,"$114,450,903.00","38,274.6874 ETH","8,246","5,658","12,766"
Emblem Vault,"$107,830,507.00","31,836.3216 ETH","4,874","2,002","18,061"
FLUF World,"$107,082,007.00","2,067,619.4549 ETH","6,845","5,634","19,562"
PhantaBear,"$103,331,052.00","32,419.9050 ETH","8,042","7,432","16,194"
Wolf Game,"$103,222,958.00","26,722.8652 ETH","9,039","7,581","32,677"
Prime Ape Planet,"$102,040,539.00","29,153.1591 ETH","8,169","7,168","14,941"
LOSTPOETS,"$99,524,888.00","29,131.7280 ETH","8,427","7,173","24,078"
adidas Originals,"$97,528,081.00","28,523.8954 ETH","21,181","17,923","30,071"
The n project,"$95,524,327.00","27,834.9204 ETH","5,141","3,687","13,019"
The Doge Pound,"$94,947,491.00","27,535.4725 ETH","7,860","5,448","15,471"
Invisible Friends,"$93,504,187.00","34,856.9627 ETH","6,939","3,202","8,739"
Lazy Lions,"$91,792,748.00","27,568.0022 ETH","10,838","8,395","25,926"
mfer,"$89,073,423.00","2,030,087.3148 ETH","10,593","8,044","22,785"
Kaiju Kingz,"$88,392,165.00","24,600.4815 ETH","4,887","4,293","7,681"
Vox Collectibles,"$88,076,529.00","23,659.6121 ETH","6,733","4,930","17,771"
Hashmasks,"$86,982,203.00","40,811.4911 ETH","5,957","4,678","19,100"
Aurory,"$81,852,036.00","606,844.91 SOL","6,317","7,396","14,144"
Cool Pets,"$80,618,413.00","26,968.4884 ETH","14,231","7,376","20,165"
DeadFellaz,"$80,074,238.00","24,740.2405 ETH","11,904","8,737","24,172"
Sneaky Vampire,"$73,671,279.00","21,992.0618 ETH","6,706","6,719","15,313"
Capsule,"$72,267,092.00","23,334.7763 ETH","8,685","7,202","25,825"
Sup Ducks,"$72,031,115.00","22,541.9627 ETH","7,544","5,610","18,196"
ALIENFRENS,"$71,342,444.00","22,085.5184 ETH","13,413","9,672","27,295"
Mooncats,"$70,257,872.00","24,379.4715 ETH","8,303","6,467","23,163"
3Landers,"$70,240,517.00","26,111.3166 ETH","7,750","7,147","16,042"
Psychedelics Anonymous Genesis,"$69,931,741.00","20,719.5575 ETH","13,501","8,842","21,292"
CoolmansUniverse,"$69,737,652.00","22,076.0659 ETH","11,562","10,758","24,886"
888 Inner Circle,"$69,187,067.00","20,427.9928 ETH","6,335","5,310","14,329"
Adam Bomb Squad,"$68,877,394.00","21,451.6881 ETH","13,912","9,696","37,171"
SuperNormalbyZipcy,"$68,538,482.00","25,898.1211 ETH","5,133","5,740","11,031"
WebbLand,"$68,521,424.00","20,865.3964 ETH","10,076","7,518","20,137"
V1 Cryptopunks Wrapped,"$66,362,211.00","1,035,713.0304 ETH",745,488,"1,607"
Pixelmon,"$65,287,803.00","23,696.0171 ETH","8,713","6,023","14,525"
Frontier Game,"$65,068,162.00","19,450.9188 ETH","7,891","7,158","19,308"
Lives of Asuna,"$63,887,113.00","23,649.5850 ETH","15,166","9,905","24,203"
CryptoSkulls,"$63,251,070.00","275,376.7620 ETH","9,153","6,412","21,111"
Hero,"$62,688,403.00","22,453.3689 ETH","6,785","4,772","11,148"
RTFKT MNLTH,"$61,818,759.00","21,388.9552 ETH","2,934","2,636","4,270"
GalacticApes,"$60,586,974.00","17,954.2196 ETH","7,933","6,015","20,577"
MutantCats,"$59,749,843.00","16,101.2805 ETH","10,062","7,617","22,784"
The Currency Eth,"$59,491,119.00","279,751.8898 ETH","1,552","1,503","2,278"
Rumble Kong,"$59,218,097.00","16,627.3474 ETH","4,832","3,993","12,296"
Gutter Cat Gang,"$58,803,381.00","18,399.1404 ETH","2,301","2,207","4,374"
CryptoPhunksV2,"$57,979,908.00","900,016,168.2193 ETH","4,434","2,887","13,839"
Metroverse City Block,"$56,354,825.00","20,655.2857 ETH","6,862","8,136","16,447"
Neo Tokyo,"$55,975,514.00","14,250.8955 ETH",821,966,"1,077"
FULL SEND METACARD,"$55,409,913.00","18,825.0225 ETH","11,103","5,059","17,379"
Anonymice,"$54,491,225.00","147,210.7709 ETH","3,495","2,502","8,241"
CyberBrokers,"$53,889,797.00","20,355.9658 ETH","6,245","4,105","13,231"
Galactic Gecko,"$53,644,721.00","349,518.18 SOL","8,051","7,033","24,394"
Killer GF,"$53,570,715.00","20,959.6162 ETH","6,989","8,633","14,803"
CryptoBatz,"$51,265,858.00","18,127.8930 ETH","11,150","7,006","15,572"
HypeBears,"$50,983,988.00","9,918,545.1992 ETH","17,285","10,626","25,258"
JRNY NFT Club,"$50,672,304.00","14,053.4203 ETH","3,556","3,880","5,533"
Lil Heroes,"$50,615,964.00","17,350.8735 ETH","4,622","4,355","8,619"
Crypto Bull Society,"$50,019,409.00","12,662.1725 ETH","6,094","4,731","11,210"
Shadowy Super Coder,"$49,684,624.00","285,021.95 SOL","2,725","1,311","6,921"
Galaxy Eggs,"$49,141,565.00","14,643.6570 ETH","8,263","6,299","18,122"
Robotos Official,"$48,327,181.00","14,772.1306 ETH","11,339","8,240","23,565"
MetaHero Generative,"$47,941,507.00","13,874.8454 ETH","1,565","1,496","2,501"
CryptoKitties,"$47,802,716.00","70,685.7174 ETH","115,564","41,261","795,678"
CryptoMories,"$46,609,890.00","13,306.3960 ETH","11,047","8,666","24,983"
Treeverse,"$46,050,666.00","12,983.9135 ETH","5,519","4,413","12,058"
The Shiboshis,"$45,800,671.00","11,647.3797 ETH","3,349","2,624","8,397"
Desperate ApeWives,"$45,130,158.00","10,922.6578 ETH","5,510","6,074","13,298"
Chain Runners,"$44,941,462.00","11,584.2337 ETH","4,803","3,828","11,104"
Autoglyphs,"$44,931,162.00","18,152.8324 ETH",190,135,356
ApeKidsClub,"$43,309,784.00","10,504.4380 ETH","9,727","7,684","21,075"
The Humanoids,"$43,183,837.00","12,250.4353 ETH","9,792","8,613","21,745"
Tubby Cats,"$42,651,962.00","16,203.8930 ETH","20,289","10,409","35,735"
Koala Intelligence,"$42,255,807.00","12,871.8885 ETH","8,809","6,420","18,870"
The Sevens,"$42,202,516.00","12,081.1795 ETH","5,864","5,135","11,157"
C-01 Official Collection,"$41,995,657.00","13,614.3309 ETH","6,860","6,411","12,322"
Nanopass,"$41,908,255.00","11,978.0744 ETH","8,452","5,321","11,721"
Boss Beauties,"$41,564,422.00","33,624.6060 ETH","9,669","6,953","19,518"
OxyaOriginProject,"$40,851,521.00","32,550.1533 ETH","5,840","5,995","12,606"
n,"$40,259,001.00","250,011,196.7605 ETH","5,069","3,641","12,792"
Cryptovoxels,"$40,024,243.00","24,420.6676 ETH","2,846","1,151","11,128"
Peaceful Groupies,"$39,322,549.00","11,643.6427 ETH","8,761","6,920","20,411"
My Pet Hooligan,"$39,049,966.00","11,281.7742 ETH","8,412","6,868","14,725"
Alien Worlds,"$38,666,986.00","180,427,584.56 WAX","462,249","839,121","5,291,602"
inbetweeners,"$37,926,777.00","10,942.7833 ETH","6,306","5,102","11,802"
Pixel Vault Founders DAO,"$37,534,855.00","12,067.8730 ETH","2,001","1,637","2,773"
The CryptoDads,"$37,500,204.00","11,034.9914 ETH","8,025","6,313","15,731"
MURI,"$37,312,925.00","13,308.1690 ETH","13,231","8,025","21,537"
Forgotten Runes,"$37,297,863.00","11,111.1104 ETH","4,455","3,666","13,756"
Axolittles,"$37,097,430.00","11,881.1198 ETH","11,013","10,673","22,513"
the littles NFT,"$37,001,509.00","10,232.5687 ETH","8,735","8,275","17,131"
Farming Tales,"$36,312,477.00","97,198,614.18 WAX","9,740","10,621","162,119"
Blitmap,"$35,736,352.00","10,347.4753 ETH",423,458,984
GEN.ART,"$35,447,752.00","10,145.9249 ETH","4,365","2,809","7,969"
GEN.ART,"$35,358,427.00","10,113.7302 ETH","4,010","2,782","7,355"
Bored Bunny,"$35,327,834.00","10,157.8505 ETH","7,977","5,873","12,287"
SolPunks,"$34,954,196.00","316,130.61 SOL","7,048","4,985","16,225"
Smilesss,"$34,777,746.00","10,207.5729 ETH","8,805","6,398","16,364"
Dr. DMT,"$34,436,935.00","9,188.3225 ETH","7,656","8,679","15,786"
Bloot,"$34,223,527.00","8,924.3827 ETH","6,490","4,955","15,292"
MU DAO Tokens,"$33,643,379.00","10,598.9068 ETH","7,111","5,608","18,692"
Animetas,"$32,369,715.00","10,817.5106 ETH","6,933","5,445","18,848"
More Than Gamers,"$32,160,205.00","8,990.7245 ETH","14,722","9,868","24,289"
Tasty Bones,"$30,746,977.00","10,509.8712 ETH","4,767","4,244","7,441"
Rocket Factory,"$30,294,186.00","10,349.2006 ETH",780,"1,008","2,681"
Thug Birdz,"$30,167,481.00","195,074.54 SOL","3,438","3,091","6,798"
ALPACADABRAZ,"$30,120,595.00","9,124.1226 ETH","7,089","5,589","14,215"
Panini America,"$30,029,847.00","30,029,847.49 USD","12,375","22,913","542,575"
Creepz Shapeshifters,"$29,914,822.00","47,015.9134 ETH","2,888","3,588","11,987"
Party Ape BC,"$29,653,549.00","7,261.5913 ETH","6,232","5,757","13,339"
OnChainMonkey,"$29,624,682.00","9,495.7049 ETH","5,735","5,507","16,764"
Winter Bears,"$29,390,613.00","8,912.6303 ETH","10,214","7,602","22,409"
Nifty League DEGENs,"$28,972,134.00","10,448.7572 ETH","8,410","6,131","23,716"
CryptoJanky,"$28,807,701.00","9,001.4578 ETH","8,429","5,822","16,259"
Portals,"$28,723,776.00","201,365.92 SOL","4,356",554,"8,372"
MoodRollers,"$28,687,476.00","9,367.0486 ETH","6,976","5,628","13,084"
SlimHoods,"$28,468,804.00","9,200.5558 ETH","7,659","6,106","13,707"
Janky Heist,"$28,210,174.00","8,782.6982 ETH","8,376","5,694","15,732"
WonderPals,"$27,958,285.00","10,055.6346 ETH","13,212","7,750","18,459"
Antonym,"$26,132,230.00","9,309.7019 ETH","9,854","6,506","15,738"
Meerkat,"$26,005,619.00","158,973.61 SOL","6,720","5,575","12,827"
Slotie,"$25,908,886.00","7,394.4331 ETH","5,045","5,314","11,364"
Edenhorde,"$25,741,486.00","8,827.5852 ETH","4,432","5,135","11,553"
X Rabbits Club,"$25,695,697.00","8,101.9756 ETH","3,741","3,984","8,466"
Galaxy Fight Club,"$25,216,203.00","7,282.4861 ETH","4,887","4,217","16,891"
Reptile Armoury,"$24,744,963.00","9,664.1191 ETH","3,467","3,131","12,377"
BugBears,"$24,507,528.00","199,745.47 SOL","8,123","8,288","19,535"
Bold Badgers,"$24,369,064.00","219,410.36 SOL","6,130","6,433","18,109"
Cool Monkes,"$23,839,169.00","8,999.9839 ETH","7,321","6,711","16,589"
LinksDAO,"$23,817,680.00","7,011.6832 ETH","8,097","4,061","11,775"
Wicked Craniums,"$23,600,161.00","9,184.9921 ETH","7,953","5,482","22,296"
Dour Darcels,"$23,462,855.00","8,909.6605 ETH","8,061","6,908","17,753"
MetaLegends,"$23,428,782.00","5,990.8083 ETH","7,162","3,702","13,741"
Purrnelopes CC,"$23,254,417.00","7,039.2669 ETH","2,477","2,102","9,030"
The Other Side,"$23,067,822.00","8,044.5034 ETH","12,097","7,999","17,467"
Waves Ducks,"$22,926,543.00","95,814.62 WavesDucks","1,695","2,111","16,549"
Frakt,"$22,907,448.00","191,923.11 SOL","4,572","3,134","12,825"
Cupcats Official,"$22,788,207.00","7,224.9878 ETH","3,445","3,718","9,109"
The Vogu Collective,"$22,364,221.00","8,272.6401 ETH","4,531","3,017","11,629"
The Currency,"$22,273,756.00","22,262,432.08 DAI",410,"2,756","3,509"
CatBloxGenesis,"$22,249,579.00","8,189.0998 ETH","7,820","7,752","16,026"
Voxies,"$22,018,391.00","6,452.7109 ETH","1,963","1,889","6,838"
Crypto Unicorns,"$21,805,653.00","7,023.81 MATIC","2,542","2,885","9,471"
Stoner Cats,"$21,622,188.00","7,619.2853 ETH","5,470","3,275","9,987"
ENS,"$21,510,183.00","6,974.8157 ETH","7,092","3,652","12,659"
FoxFam,"$21,466,114.00","6,316.4399 ETH","6,783","5,112","16,338"
Habbo Avatars,"$21,145,873.00","6,536.3255 ETH","5,179","3,605","11,683"
BGANPUNKSV2,"$20,865,090.00","7,530.2675 ETH","3,469","2,912","11,060"
FOMO MOFOS,"$20,609,860.00","6,898.7258 ETH","6,071","5,764","12,127"
Sipherian Surge,"$20,600,115.00","5,906.2533 ETH","5,908","4,982","14,028"
Space Punks Club,"$20,538,257.00","5,959.7660 ETH","6,051","3,923","13,613"
Fishy Fam,"$20,495,393.00","8,103.0080 ETH","8,795","6,683","15,264"
CryptoonGoonz,"$20,471,230.00","5,604.5643 ETH","6,436","5,458","11,488"
Gods Unchained,"$20,280,001.00","20,072.7438 ETH","3,575","3,800","386,405"
Deafbeef,"$20,248,370.00","6,866.7057 ETH",98,76,142
DystoPunks V2,"$20,155,181.00","6,078.0794 ETH","1,287","1,118","3,070"
hic et nunc,"$20,105,500.00","3,625,194.94 XTZ","43,746","4,290","1,188,130"
Solsteads,"$19,879,679.00","126,122.63 SOL","2,427","2,328","4,403"
Divine Anarchy,"$19,500,772.00","5,005.4083 ETH","7,750","6,291","14,981"
Dippies,"$19,482,234.00","7,172.1969 ETH","8,405","7,904","16,086"
FrankenPunks,"$19,133,303.00","6,085.0072 ETH","7,365","6,043","13,072"
Quirkies,"$19,081,920.00","6,790.4114 ETH","5,599","5,377","12,795"
CryptoArte,"$18,758,073.00","5,956.4029 ETH","4,612","3,114","10,629"
Degen Toonz,"$18,608,804.00","6,859.9414 ETH","7,166","5,519","15,700"
Gutter Rats,"$18,568,068.00","5,603.4383 ETH","2,487","2,293","4,421"
Jadu Hoverboard,"$18,561,190.00","5,204.5886 ETH","6,332","3,422","9,357"
R Planet,"$18,451,164.00","102,224,846.50 WAX","12,566","10,195","118,929"
BYOPills,"$18,317,069.00","5,510.7173 ETH","5,434","4,768","13,149"
Monkey Bet DAO,"$18,145,722.00","4,961.7839 ETH","6,980","4,261","14,878"
The Yakuza Cats,"$17,967,750.00","5,107.4773 ETH","6,304","5,313","15,116"
Starcatchers,"$17,821,772.00","6,635.9185 ETH","5,718","5,630","10,292"
Incognito,"$17,774,219.00","5,389.3544 ETH","5,404","4,205","16,482"
Mike Tyson NFT,"$17,646,169.00","4,896.9803 ETH",772,517,"1,441"
Terraforms,"$16,787,090.00","4,920.5218 ETH","3,729","2,965","10,099"
The Doggies,"$16,780,344.00","1,505,106.6363 ETH","4,779","5,962","8,484"
WVRPS by Warpsound,"$16,769,089.00","5,704.9465 ETH","6,506","7,474","13,881"
NFL All Day,"$16,753,275.00","16,753,275.00 Flow","22,285","35,104","308,908"
Topps MLB,"$16,726,005.00","84,315,973.65 WAX","16,805","29,457","613,172"
HOWLERZ,"$16,598,044.00","6,039.6450 ETH","3,100","2,442","6,611"
Lonely Alien,"$16,581,731.00","5,164.9434 ETH","5,459","3,793","14,198"
Illuminati,"$16,381,721.00","14,859.2164 ETH","5,551","4,112","10,617"
Infinity Labs,"$16,067,698.00","108,435.68 SOL","4,184","5,739","11,993"
BYOLand,"$15,554,358.00","4,976.8877 ETH","3,373","2,163","6,537"
JV Writer's Rm,"$15,517,277.00","4,702.9529 ETH","4,507","3,205","9,676"
Space Runners,"$15,501,370.00","121,829.39 SOL","2,104",910,"8,863"
Kitty Crypto Gang,"$15,346,730.00","5,954.9954 ETH","5,667","5,422","10,850"
Catalina Whale Mixer,"$15,307,924.00","97,801.70 SOL","4,787",680,"10,654"
The Official Surreals,"$15,013,299.00","4,241.4575 ETH","6,728","5,329","13,163"
Monkey Kingdom,"$14,908,247.00","86,397.00 SOL","1,707",351,"3,794"
8SIAN,"$14,861,898.00","14,697.1276 ETH","8,016","6,112","14,036"
Apes In Space,"$14,847,299.00","3,607.1247 ETH","9,994","3,795","13,825"
Avid Lines,"$14,826,395.00","4,878.7831 ETH",290,346,516
Dapper Dinos NFT,"$14,813,676.00","4,409.5935 ETH","5,422","5,015","12,043"
World Poker Tour,"$14,731,951.00","1,410,937.58 TFuel","1,177","1,000","6,975"
The Wanderers,"$14,439,142.00","4,342.0447 ETH","6,585","4,825","13,533"
Clementines,"$14,296,732.00","5,176.6875 ETH","7,302","4,025","9,734"
Farm Land by Pixels,"$14,234,577.00","5,168.4956 ETH","5,873","4,455","10,499"
Rogue Sharks,"$14,212,742.00","93,707.80 SOL","7,293","8,635","17,573"
BrainDrops,"$14,205,155.00","3,877.2088 ETH","2,372","3,231","6,847"
Bulls On The Block,"$14,147,814.00","5,632.8065 ETH","6,848","4,287","19,810"
Async Blueprints,"$14,030,756.00","3,969.3279 ETH","1,113","1,227","1,816"
uwucrew,"$13,990,172.00","4,673.2194 ETH","7,022","5,671","15,686"
Stoned Ape Crew,"$13,938,507.00","103,836.38 SOL","3,630",664,"8,184"
Undead Pastel Club,"$13,893,572.00","4,377.2836 ETH","8,374","6,474","13,536"
Fat Ape Club,"$13,845,878.00","3,116.2615 ETH","4,391","3,763","7,359"
Crypto Cannabis,"$13,799,556.00","4,158.9913 ETH","5,649","3,818","13,001"
DeGods,"$13,620,395.00","143,046.11 SOL","2,766","2,510","5,384"
Dead Heads,"$13,476,539.00","5,249.5024 ETH","5,157","4,311","15,201"
SoulZ Monogatari,"$13,379,991.00","5,000.8652 ETH","9,237","5,636","15,432"
Nuclear Nerds,"$13,265,028.00","4,129.3577 ETH","6,453","5,389","14,557"
Punks Comics 2,"$13,250,269.00","3,558.0952 ETH","6,542","3,204","9,764"
The Flower Girls,"$13,168,592.00","4,017.5247 ETH","7,094","5,398","14,204"
10KTF,"$13,064,103.00","3,971.0324 ETH","8,018","4,707","28,020"
StackedToadz,"$13,037,182.00","3,644.7711 ETH","2,206","1,969","4,723"
The Indifferent Duck,"$12,793,300.00","12,907.5974 ETH","8,095","5,792","15,865"
Alpha Kongs Club,"$12,712,252.00","4,486.4796 ETH","7,406","5,110","11,615"
Loser Club,"$12,525,182.00","4,791.7624 ETH","8,181","7,738",
Chicken Derby,"$12,523,247.00","7,720,576.35 MATIC","5,470","3,292","24,680"
Monfters Club,"$12,501,940.00","3,864.8241 ETH","6,184","8,481","13,225"
CreatureToadz,"$12,415,621.00","3,057.3824 ETH","5,489","6,744","10,819"
Noundles,"$12,402,128.00","2,980.9540 ETH","6,028","4,634","12,103"
Gutter Juice,"$12,396,362.00","4,538.5501 ETH","6,872","4,326","16,930"
Bored Mummy,"$12,344,393.00","3,691.5967 ETH","6,569","4,996","16,147"
CakedApes,"$12,295,036.00","200,814.4220 ETH","7,166","4,744","12,947"
Dented Feels,"$12,271,917.00","4,500.9216 ETH","9,214","7,249","18,406"
Bricktopians,"$12,230,584.00","3,186.1539 ETH","8,143","5,359","13,908"
HUXLEY Comics,"$12,226,746.00","4,005.5253 ETH","4,069","3,690","13,473"
Quantum Traders,"$12,091,365.00","95,791.01 SOL","4,827","1,227","10,214"
Acrocalypse,"$12,005,959.00","4,302.3942 ETH","6,242","5,014","12,777"
Kumo x World,"$11,959,070.00","3,775.7598 ETH","7,686","6,027","14,110"
Mavia Land,"$11,764,462.00","4,445.1302 ETH","3,979","2,066","5,752"
Basis Markets,"$11,562,519.00","63,181.72 SOL",402,438,849
Colonize Mars,"$11,470,787.00","40,130,486.86 WAX","20,592","27,046","488,562"
Ballerz,"$11,413,269.00","11,413,269.20 Flow","4,516","2,281","16,764"
Monkey Ball,"$11,399,735.00","79,760.58 SOL","3,620",592,"8,873"
Taiyo Robotics,"$11,262,404.00","80,255.38 SOL","1,996",606,"4,116"
PXQuest Adventurer,"$11,201,770.00","3,521.4959 ETH","8,174","4,989","11,705"
Pop Art Cats,"$11,165,991.00","4,228.7582 ETH","7,927","6,506","16,411"
Girlies,"$11,154,634.00","4,193.8818 ETH","8,114","5,839","17,536"
HalloweenBears,"$11,033,480.00","2,891.9001 ETH","5,291","3,799","12,735"
MonsterBuds,"$11,012,225.00","3,639.4127 ETH","4,097","2,128","9,505"
Habibiz,"$10,910,053.00","3,628.6641 ETH","5,476","5,038","12,134"
Rogue Society Bot,"$10,833,147.00","2,877.5789 ETH","7,569","4,972","15,645"
Degenerate Trash Pandas,"$10,779,794.00","59,918.07 SOL","4,433","2,586","10,536"
BearGame,"$10,778,051.00","2,604.7740 ETH","3,451","2,169","7,879"
Toy Boogers,"$10,775,614.00","2,933.5406 ETH","3,890","3,002","7,048"
GOOP TROOP,"$10,748,280.00","2,974.4097 ETH","3,474","2,411","8,897"
The Suites,"$10,713,331.00","87,176.27 SOL","2,928",500,"4,805"
Enviro,"$10,674,737.00","78,516.71 SOL","9,830","1,500","21,573"
Beeings,"$10,658,381.00","3,840.1257 ETH","8,400","6,633","14,616"
Pixl Pets,"$10,611,207.00","3,589.5718 ETH","4,342","5,181","11,238"
GenerativeDungeon,"$10,582,548.00","3,565.9873 ETH","4,638","2,979","6,871"
Gauntlets,"$10,549,197.00","3,109.2966 ETH","3,188","2,602","7,287"
Embersword Land,"$10,520,880.00","4,464.34 MATIC","4,733","2,820","17,138"
Goons of Balatroon,"$10,501,949.00","3,103.2594 ETH","3,612","3,202","9,697"
SolChicks,"$10,449,175.00","54,523.85 SOL","3,268","2,827","6,141"
Axolittles,"$10,374,654.00","3,033.3098 ETH","6,915","5,903","15,544"
Mutant Garden,"$10,350,163.00","3,302.8310 ETH",272,286,511
Dazed Ducks,"$10,271,631.00","82,851.50 SOL","5,996","1,183","13,158"
DuskBreakers,"$10,238,967.00","2,690.1984 ETH","4,191","4,446","12,045"
Party Penguins,"$10,150,371.00","3,131.0190 ETH","5,848","3,819","14,504"
CryptoHoots SP,"$10,134,916.00","2,848.1655 ETH","1,881","1,559","4,497"
Playboy Rabbitars,"$10,036,558.00","2,394.0242 ETH","3,937","3,046","7,885"
Chumbi Valley Official,"$9,922,160.00","4,534.39 MATIC","1,482","1,573","3,732"
NAH Fungible Bones,"$9,861,517.00","3,381.6468 ETH","7,415","8,486","16,464"
GenesisApostle,"$9,840,899.00","2,961.4845 ETH","1,216","1,261","2,547"
LetsWalk,"$9,827,313.00","3,252.6052 ETH",897,452,"1,291"
Pepsi Mic Drop,"$9,745,153.00","2,761.4368 ETH","1,486","2,113","2,610"
Sollamas,"$9,744,031.00","91,263.48 SOL","4,991","4,272","10,977"
Wulfz,"$9,740,467.00","1,306,630.0489 ETH","9,145","6,828","16,139"
Star Sailor Siblings,"$9,711,900.00","2,958.4635 ETH","3,776","2,657","10,309"
Samurai Saga,"$9,615,717.00","3,048.6659 ETH","5,987","4,213","11,626"
Royal Society,"$9,530,484.00","3,378.0014 ETH","1,643","1,842","8,041"
420.game Green Pass,"$9,490,232.00","3,406.1872 ETH","3,234","3,386","6,715"
KingFrogs,"$9,454,668.00","2,740.8581 ETH","6,174","4,441","12,543"
Danger Valley Ducks,"$9,407,148.00","60,081.39 SOL","9,558","2,869","22,620"
Monkelabs,"$9,390,005.00","94,890.01 SOL","3,721","1,179","7,389"
Llamaverse Genesis,"$9,272,163.00","3,428.5794 ETH","3,287","1,632","4,222"
Crypto Unicorns Land Market,"$9,134,257.00","3,080.37 MATIC","5,542","4,186","22,637"
LUX Real Estate,"$9,111,209.00","84,375.71 SOL","4,025",885,"7,568"
Generativemasks,"$9,011,672.00","2,879.7242 ETH","4,159","3,076","10,140"
Nyan Heroes,"$8,864,606.00","49,461.40 SOL","2,187","2,771","5,667"
Chill Frogs NFT,"$8,839,351.00","2,438.5637 ETH","4,003","2,977","9,996"
Obits Official,"$8,828,071.00","2,561.4270 ETH","5,211","3,551","11,510"
TronWars,"$8,727,873.00","2,903.7149 ETH","8,654","4,990","13,384"
Space Poggers,"$8,625,087.00","2,705.7245 ETH","4,525","3,225","13,118"
A.N.I.M.O,"$8,622,266.00","2,352.5667 ETH","5,671","5,603","11,541"
I Like You You re Weird,"$8,546,583.00","3,245.9097 ETH","7,963","6,720","15,163"
Genesis Curry Flow,"$8,489,650.00","5,227,339.77 MATIC","2,023","2,174","3,463"
Larva Lads,"$8,423,530.00","2,722.9537 ETH","5,574","4,354","11,165"
OGCR,"$8,400,884.00","2,124.5228 ETH","5,346","4,207","13,161"
Famous Fox,"$8,393,538.00","61,757.86 SOL","5,166","2,659","10,068"
HeavenComputer,"$8,372,175.00","2,607.1659 ETH","3,623","3,273","8,952"
0xVampire,"$8,368,733.00","2,507.2022 ETH","6,448","5,296","13,896"
GFT Atari 50th Anniversary,"$8,328,457.00","3,026.7232 ETH","7,308","4,754","13,555"
Reb3l Bots,"$8,317,172.00","2,701.6488 ETH","4,736","3,634","11,333"
Nftrees,"$8,312,594.00","2,630.3330 ETH",366,325,638
Fancy Frenchies,"$8,307,091.00","54,763.70 SOL","6,490","5,598","14,456"
C86 Cyborg,"$8,278,029.00","2,623.9548 ETH","6,239","3,742","10,253"
Brain Vomits Garden,"$8,256,359.00","2,031.7480 ETH","4,059","2,960","7,698"
lobsterdao,"$8,151,704.00","2,300.3300 ETH",589,556,965
Avastars,"$8,107,613.00","4,104.9559 ETH","3,694","2,755","10,136"
Cyberkongz VX,"$8,033,607.00","2,036,957.85 MATIC",318,317,333
Piggy Sol Gang,"$8,033,264.00","54,236.66 SOL","4,660","6,479","12,975"
Yung Ape Squad,"$8,000,796.00","2,254.3557 ETH","5,762","4,100","12,142"
alinft-official,"$7,945,668.00","2,723.9144 ETH","8,858","5,738","15,006"
Weirdo Ghost Gang,"$7,899,728.00","2,665.2455 ETH","4,498","3,870","8,531"
Knights of Degen,"$7,884,375.00","2,364.0189 ETH","2,670","2,460","7,623"
Rengoku,"$7,867,651.00","2,745.9831 ETH","7,273","6,392","13,771"
Rug Radio,"$7,844,828.00","2,456.2477 ETH","10,529","10,768","16,007"
Long Lost,"$7,844,476.00","2,565.1162 ETH","6,146","4,394","13,366"
Wrapped Strikers,"$7,791,786.00","2,361.1863 ETH",959,505,"2,227"
Woodies Gen,"$7,664,251.00","2,448.8381 ETH","3,003","2,548","5,373"
Xpansion,"$7,620,597.00","15,673,352.51 WAX","5,992","7,904","64,256"
Squiggles,"$7,576,309.00","2,465.7479 ETH","2,953","1,877","4,415"
PrimeEternalChampion,"$7,549,699.00","2,808.1417 ETH","4,032","1,833","6,554"
Voxodeus,"$7,542,077.00","2,365.7265 ETH","2,544","1,157","8,762"
Red Panda Squad,"$7,517,573.00","48,757.67 SOL","6,008","6,396","14,196"
Sad Frogs District,"$7,447,723.00","2,319.3976 ETH","3,355","1,981","8,858"
Crazy Lizard,"$7,390,077.00","2,545.3946 ETH","3,240","2,395","11,063"
Bubblegum Kids,"$7,331,501.00","1,964.2705 ETH","4,204","4,184","11,913"
DystoApez,"$7,321,685.00","2,219.9624 ETH","4,047","4,094","8,011"
JungleCats,"$7,294,224.00","46,818.65 SOL","4,463","4,991","8,568"
MekaApeClub,"$7,250,969.00","1,861.0431 ETH","5,584","3,430","9,306"
Bunny Buddies,"$7,223,880.00","2,720.1056 ETH","6,489","5,258","11,051"
IreneDAO,"$7,197,443.00","2,219.9556 ETH","1,216","1,185","2,255"
Moshi Mochi,"$7,123,890.00","2,623.9013 ETH","5,143","4,707","10,702"
Lifinity Flares,"$7,108,692.00","49,087.00 SOL","3,373",912,"9,327"
Crypto Raiders,"$7,034,635.00","4,347,624.86 MATIC","4,131","1,920","13,911"
SolSnatchers,"$7,027,048.00","50,821.12 SOL","7,086","7,064","18,355"
The Tower,"$6,994,908.00","41,959.31 SOL","6,948","6,587","12,585"
UninUnicorns,"$6,987,669.00","2,088.4449 ETH","1,377","1,730","3,501"
Imma Degen,"$6,964,336.00","2,430.5865 ETH","3,814","2,918","11,650"
F1 Delta Time,"$6,962,009.00","3,871.0527 ETH","1,190",496,"8,572"
MidnightBreeze,"$6,911,513.00","2,317.0150 ETH","4,951","4,153","9,504"
JunkYardDogs,"$6,902,209.00","2,155.2810 ETH","4,561","3,311","9,949"
Treasure,"$6,899,473.00","1,941.2227 ETH","3,145","2,390","9,476"
Fly Frogs,"$6,882,250.00","1,960.8230 ETH","5,905","4,345","12,497"
Fame Lady Squad,"$6,829,232.00","2,346.9938 ETH","5,626","4,617","12,563"
The Alien Boy,"$6,613,439.00","2,484.8408 ETH","5,266","4,410","15,757"
Nftboxes,"$6,580,130.00","2,043.8099 ETH","2,073","1,254","5,164"
Botborgs,"$6,533,715.00","68,500.60 SOL","9,778","3,717","20,675"
Pesky Penguins,"$6,505,114.00","31,171.68 SOL","1,947",818,"3,277"
Ether Cards,"$6,475,762.00","1,908.8991 ETH",558,704,"1,920"
Fyat Lux,"$6,429,815.00","1,814.6780 ETH","4,989","4,177","9,172"
Stylish Studs,"$6,427,314.00","42,883.20 SOL","3,319","2,331","9,126"
Rebel Seals,"$6,421,171.00","1,790.0102 ETH","3,384","1,968","9,046"
Illuvium,"$6,400,603.00","1,976.4725 ETH","1,648","1,641","3,794"
AO Art Ball,"$6,393,692.00","1,962.5043 ETH","6,652","2,821","10,082"
Cops Game,"$6,237,521.00","47,796.43 SOL","10,812","1,923","34,158"
Metabaes,"$6,224,722.00","37,117.46 SOL","5,945","6,329","13,110"
GoldHunter,"$6,202,531.00","129,421,399.8822 ETH","4,119","2,226","11,994"
Kibatsu Mecha,"$6,197,976.00","2,154.5685 ETH","2,697","1,256","3,380"
CryptoZunks,"$6,144,519.00","1,669.2782 ETH","5,146","3,464","11,179"
INNOCENTCATS NFT,"$6,083,716.00","2,314.1758 ETH","3,017","3,617","7,082"
The Martians,"$6,028,623.00","1,121,545.29 MATIC","1,283","1,104","2,576"
Party Animals,"$5,950,390.00","55,536.93 AVAX","2,947",9,"8,902"
Splinterlands,"$5,889,939.00","21,260,912.98 WAX","9,171","5,234","149,753"
Queens+KingsAvatars,"$5,862,679.00","1,705.4156 ETH",880,"1,066","1,868"
Solarbots,"$5,849,253.00","1,648.4294 ETH","1,083","1,081","7,569"
ApeDads,"$5,751,045.00","1,607.6999 ETH","4,281","3,458","7,453"
Chubbies,"$5,746,299.00","2,877.0540 ETH","3,897","2,747","8,253"
BYOKEY,"$5,570,719.00","1,577.3243 ETH","1,571","1,477","2,961"
Clay Friends,"$5,490,527.00","2,083.5404 ETH","6,335","3,325","8,862"
COVIDPunks,"$5,473,007.00","1,804.3008 ETH","4,541","2,331","10,323"
Mad Rabbits Club,"$5,451,488.00","1,469.6201 ETH","2,760","2,803","7,526"
Chibi Apes,"$5,375,286.00","1,607.7735 ETH","3,386","2,721","5,924"
High Roller Hippo Clique,"$5,332,417.00","37,923.51 SOL","3,368",357,"9,111"
Grim Syndicate,"$5,319,750.00","32,635.24 SOL","2,400","1,940","6,573"
Animonkeys,"$5,312,063.00","1,800.7686 ETH","1,647","1,649","4,288"
Loopy Donuts,"$5,289,447.00","1,517.2314 ETH","5,356","3,674","11,318"
Bored Ape YC,"$5,280,096.00","1,457.1378 ETH",689,876,"1,231"
Sipherian Flash,"$5,252,121.00","1,256.7151 ETH","2,913","2,302","5,528"
Chain Saw,"$5,244,409.00","1,676.5319 ETH",32,5,48
Rude Golems,"$5,211,241.00","33,531.80 SOL","3,576","1,621","8,356"
ASTRALS,"$5,210,790.00","60,401.94 SOL","4,989","6,187","11,020"
Balloonsville2,"$5,184,784.00","48,829.06 SOL","7,934","1,799","21,365"
EvoSnails NFT,"$5,162,221.00","1,232.5110 ETH","3,020","3,492","6,170"
Satoshi Runners,"$5,150,845.00","1,835.6788 ETH","5,025","5,394","10,065"
SOLGods,"$5,139,650.00","37,402.87 SOL","3,571","1,398","8,037"
The Lost Glitches,"$5,069,830.00","1,563.5383 ETH","3,067","2,315","7,256"
Yaku Corp,"$5,009,099.00","54,554.77 SOL","4,866","3,064","9,431"
Cyber Frogs,"$5,003,781.00","31,600.07 SOL","5,613","5,775","12,471"
nbayc,"$4,967,604.00","1,407.0230 ETH","4,035","3,138","7,933"
Skeleton Crew Skulls,"$4,918,334.00","30,008.33 SOL","4,200","4,536","11,025"
Great Ape,"$4,910,729.00","1,469.9649 ETH","5,946","3,359","11,823"
Solarians,"$4,888,378.00","33,940.84 SOL",975,854,"1,622"
Best Buds,"$4,885,915.00","52,190.72 SOL","3,398",858,"6,313"
SolYetis,"$4,836,006.00","31,862.75 SOL","7,459","8,088","15,996"
Long Neckie Ladies,"$4,824,854.00","1,568.5934 ETH","2,413","1,873","4,970"
Super Yeti,"$4,814,800.00","1,668.0519 ETH","6,584","4,966","12,722"
Non Fungible FG,"$4,807,095.00","1,339.9604 ETH",143,77,191
Particle_Love_Is_In_The_Air,"$4,785,102.00","72,772.33 AVAX","2,358",2,"2,998"
Top Dog Beach Club,"$4,712,559.00","1,422.7499 ETH","3,071","2,515","6,503"
Phantom Galaxies,"$4,711,770.00","2,936,242.20 MATIC","8,131","15,656","27,705"
Goldmand Game,"$4,696,085.00","14,597,828.49 WAX","5,523","5,796","21,258"
Cool Ape Club,"$4,643,373.00","1,294.7626 ETH","5,283","3,780","10,083"
Mindfolk,"$4,627,226.00","38,409.30 SOL",582,88,"1,003"
Goatz,"$4,625,042.00","1,451.4940 ETH","3,009","3,169","8,647"
Eternal Beings,"$4,611,715.00","33,644.31 SOL","6,422","6,429","14,546"
Fast Food Frens,"$4,604,981.00","1,313.5206 ETH","2,481","2,046","5,715"
RubberDuckBathParty,"$4,560,793.00","1,614.4725 ETH","5,673","5,218","9,302"
NeckVille,"$4,532,210.00","1,462.7144 ETH","3,913","3,376","7,367"
Goblin Laboratory,"$4,509,401.00","23,881.96 SOL","5,231","4,993","11,505"
Squishiverse,"$4,481,596.00","1,745.8678 ETH","5,473","5,450","12,356"
Boss Bulls Club,"$4,479,943.00","27,681.83 SOL","5,580","3,347","11,882"
PunkScapes,"$4,448,994.00","1,289.3011 ETH","2,803","3,082","7,577"
Crypto Beasts,"$4,428,249.00","1,514.0674 ETH","1,625","1,663","4,898"
Bonsai by ZENFT,"$4,414,795.00","1,535.2901 ETH","3,096","2,320","6,991"
Heaven Land,"$4,374,976.00","42,132.27 SOL","2,508",704,"5,234"
GenX by HOK,"$4,363,154.00","1,303.0343 ETH","2,965","2,522","6,935"
ChainFaces Arena,"$4,330,544.00","1,169.4550 ETH","4,974","4,647","9,997"
Crypto Cavemen Club,"$4,319,163.00","27,809.70 SOL","3,672","4,103","9,983"
GenesisBloodshedBears,"$4,301,080.00","1,615.8431 ETH","2,874","2,589","6,562"
Sheet Fighter,"$4,289,176.00","1,499.4421 ETH","3,094","2,215","7,811"
Loveless City Metropass,"$4,278,531.00","1,626.7190 ETH","4,321","2,114","5,808"
Genzee,"$4,258,812.00","1,191.7203 ETH","4,849","3,960","10,957"
FancyBirds,"$4,245,380.00","1,491.26 MATIC","2,140","1,318","5,398"
Bunks,"$4,201,788.00","12,615.35 BNB",800,841,"5,362"
Cat Bricks Clubhouse,"$4,184,096.00","1,284.4695 ETH","5,206","4,825","10,615"
CryptoFlyz,"$4,066,070.00","1,048.3326 ETH","2,042","1,879","3,989"
Castle Kid,"$4,048,865.00","1,017.3117 ETH","5,643","3,364","10,523"
ZombieCats,"$3,999,667.00","1,101.6986 ETH","3,563","2,184","7,601"
NounPunks,"$3,965,894.00","1,129.9084 ETH","5,412","2,904","10,569"
Solana Monke Rejects,"$3,952,701.00","38,559.60 SOL","5,723","1,451","12,028"
Debonair Degen Hawks,"$3,943,023.00","44,925.50 SOL","3,976","4,913","6,485"
War Space Game,"$3,937,123.00","11,246,869.04 WAX","3,074","4,022","21,497"
Paradise Trippies,"$3,917,587.00","1,053.9344 ETH","1,928","1,315","6,892"
Shabu Town,"$3,908,074.00","1,210.1970 ETH","2,991","1,445","6,485"
NON FRAGMENT TOKEN,"$3,886,460.00","39,902.21 SOL","1,806","1,819","5,254"
Bad Face Bots,"$3,883,356.00","1,203.4945 ETH","3,959","2,885","7,169"
Solana Bananas,"$3,872,022.00","24,619.09 SOL","1,585",778,"2,954"
Crypto Astronuts,"$3,870,636.00","22,558.83 SOL","4,698",796,"9,436"
UFC Strike,"$3,853,124.00","3,853,124.31 Flow","11,452","18,561","149,944"
Doodled Punks,"$3,843,677.00",906.7768 ETH,"2,538","1,831","4,451"
Glue Factory Show,"$3,834,809.00","1,207.5017 ETH","3,589","2,494","7,711"
Kaiju Cards,"$3,832,029.00","32,022.41 SOL","1,787","3,370","4,402"
Firat NFTs Collection,"$3,819,226.00","52,423.28 AVAX","2,871",3,"8,776"
The Companion,"$3,818,684.00","1,209.7032 ETH","6,054","3,652","9,495"
Unirexcity,"$3,737,054.00","25,275.33 SOL","4,594","4,641","8,310"
The Sneks,"$3,722,049.00","24,714.16 SOL","4,795","5,581","11,842"
Super Shiba Club,"$3,697,376.00","1,035.5085 ETH","2,587","2,014","6,691"
Ethereals WTF,"$3,684,499.00","1,075.5783 ETH","5,046","3,430","10,509"
My Homies In Dreamland,"$3,675,069.00","1,467.2424 ETH","5,575","3,435","9,238"
Kohi Kintsugi,"$3,669,274.00",996.1208 ETH,507,563,930
Dirtybird,"$3,631,845.00","1,022.3161 ETH","3,310","2,190","7,057"
Cets on Crek,"$3,623,159.00","42,343.33 SOL","4,152","5,182","8,075"
CartoonsNFT,"$3,579,580.00","1,271.6867 ETH","6,998","5,965","10,799"
Digitals Aniamls,"$3,550,746.00",939.6913 ETH,"4,249","2,672","8,046"
Bibiz,"$3,528,071.00","1,358.8604 ETH","4,047","2,938","7,524"
Lonely Frog LC,"$3,522,116.00",978.3404 ETH,"4,217","2,485","8,774"
Audioglyphs,"$3,517,210.00","3,303,146.2999 ETH","3,600","1,924","8,689"
Birbs,"$3,499,121.00","22,581.44 SOL","5,234","2,968","10,647"
Fractals,"$3,481,800.00","24,741.03 SOL","5,474","2,159","23,569"
JPEG Cards,"$3,475,892.00","1,320.0316 ETH",466,419,851
BabyApes,"$3,462,642.00","18,633.58 SOL","3,072","1,841","5,811"
KOGS,"$3,443,017.00","39,856,392.05 WAX","12,810","7,946","591,365"
Fluffy Polar Bears,"$3,424,653.00",995.8784 ETH,"3,558","3,144","7,866"
Trippy Bunny Tribe,"$3,386,975.00","20,324.88 SOL","1,057","1,073","1,637"
Weird Whales,"$3,366,569.00","1,046.7644 ETH","1,721","1,687","3,314"
Train of the Century,"$3,359,370.00","6,647,234.54 WAX","3,921","4,327","60,378"
Animal World,"$3,341,209.00","4,737,963.36 WAX","6,293","7,318","64,310"
MadMeerkatBurrow,"$3,341,067.00","9,095,636.37 CRO",689,745,"1,481"
SolanaDogeNFTs,"$3,331,179.00","27,644.38 SOL","1,550","1,315","4,237"
Bohemia,"$3,328,148.00","36,870.30 SOL","4,118","5,234","7,597"
Bobos of War,"$3,300,843.00","32,127.89 SOL","5,459","1,251","12,619"
Desolates Metaverse,"$3,298,117.00","28,506.62 SOL","4,636","2,218","8,823"
Wrapped Cryptocats,"$3,276,373.00","1,165.3348 ETH",137,130,250
Blockasset Legends,"$3,251,930.00","16,340.99 SOL","1,906","1,753","6,153"
Block Art,"$3,249,509.00",961.4083 ETH,"1,257","1,124","2,834"
Goat Lodge,"$3,223,342.00","1,148.0179 ETH","4,306","3,057","9,269"
Cyber Pharmacist,"$3,205,404.00","21,735.01 SOL","4,757","4,143","12,689"
Dronies,"$3,190,027.00","30,816.25 SOL","3,044",801,"5,851"
Nuked Ape,"$3,163,412.00","35,741.33 SOL",928,896,"1,262"
BYOVAPE,"$3,158,539.00",968.5929 ETH,"1,101","1,112","2,269"
Funko,"$3,152,234.00","14,585,825.85 WAX","11,849","16,609","300,035"
Green Rabbit,"$3,145,528.00","19,512,883.90 WAX","5,918","6,371","114,175"
Divine Wolves,"$3,112,694.00",794.0775 ETH,"6,186","3,713","9,228"
Fudders,"$3,101,916.00",988.7802 ETH,"4,508","3,297","9,396"
CryptoCubs,"$3,079,359.00","19,953.09 SOL","2,636","1,910","8,723"
Crypto Raiders MOBS,"$3,064,452.00",912.51 MATIC,629,909,"2,708"
Ubik,"$3,061,998.00","32,472.63 SOL","1,282",349,"2,224"
Wanna Panda,"$3,040,793.00",881.8963 ETH,"2,721","1,790","6,771"
Al Cabones,"$3,035,224.00",823.3679 ETH,"1,898","1,972","4,970"
OG Flowers,"$3,035,220.00","21,026.79 SOL",508,26,"1,120"
Kindergarten BabyApes,"$3,025,933.00",837.0228 ETH,"6,381","2,989","9,923"
Bitcoin Origins,"$3,020,219.00","39,155,125.53 WAX","4,305","8,264","36,676"
SOVANA,"$2,992,028.00","28,103.36 SOL","3,856","1,106","6,814"
Battlefly,"$2,980,513.00","504,612.9344 ETH","2,579","5,091","8,874"
Street Fighter,"$2,944,463.00","23,951,307.62 WAX","16,501","26,103","497,268"
VF Mini Drops,"$2,916,674.00",873.8498 ETH,265,228,364
Senshi Samurai,"$2,890,062.00","28,014.53 SOL","1,396",384,"2,666"
KAM1,"$2,882,904.00","18,419.62 SOL","4,700","5,845","10,700"
Sol Souls,"$2,876,571.00","17,542.49 SOL","3,255","3,629","8,344"
Ethermonkeys,"$2,829,116.00",747.2068 ETH,"3,792","2,423","8,384"
Divine Zodiac,"$2,778,359.00",939.9364 ETH,"3,901","3,080","9,369"
SpritelyNFT,"$2,722,992.00",866.5914 ETH,"3,222","2,479","7,364"
Catbotica,"$2,679,006.00",932.9953 ETH,"1,144","1,677","4,634"
Family Mooks,"$2,641,265.00",715.5889 ETH,"1,379","1,519","2,796"
Solana Valley,"$2,637,452.00","16,888.62 SOL","3,270","2,816","7,610"
Elite Ape,"$2,637,322.00",898.1452 ETH,"2,328","3,570","4,574"
Magic Ticket,"$2,598,220.00","29,583.44 SOL","10,046","16,088","24,148"
Fuji Lions,"$2,593,520.00","25,455.17 SOL",635,386,"1,204"
LilPudgys,"$2,586,669.00",754.5936 ETH,"5,253","3,413","10,524"
LegionPunks,"$2,569,499.00","14,165.98 SOL","2,001","1,562","4,522"
Cyclops Monkey Club,"$2,567,807.00",615.3653 ETH,"4,577","1,551","6,678"
Evolution,"$2,565,563.00","2,565,562.76 Flow",786,"1,505","5,208"
Soul Dogs,"$2,559,052.00","21,135.88 SOL","6,304","2,278","14,058"
CouncilOfKingz,"$2,555,922.00",972.8030 ETH,"1,884","1,366","4,175"
The Xenobots Project,"$2,517,327.00","24,596.87 SOL","2,102",976,"3,723"
Pixls,"$2,516,118.00","1,130.9611 ETH","1,299","1,121","3,729"
My Fking Pickle,"$2,485,697.00","1,017.1012 ETH","3,844","2,928","12,193"
Monarchs.Art,"$2,482,266.00",688.5683 ETH,307,465,515
Rollbots,"$2,481,384.00",711.0485 ETH,474,531,"1,393"
Ether Bananas V1,"$2,480,966.00",668.1974 ETH,749,652,"1,282"
CryptoWolvesClub,"$2,464,482.00",614.8581 ETH,"2,904","1,039","4,072"
Hashes,"$2,456,573.00",671.4729 ETH,389,487,770
DeepMine,"$2,454,834.00","6,424,524.65 WAX","3,196","2,360","31,834"
Entrance,"$2,444,756.00","22,061.19 SOL","4,084",879,"8,227"
Doge Capital,"$2,381,489.00","15,884.22 SOL","4,005","2,857","7,510"
Interleave Genesis,"$2,380,353.00",642.8770 ETH,"2,661","1,608","5,532"
Flippies,"$2,361,210.00","14,062.11 SOL","1,294","2,903","4,101"
SpaceBoysNFT,"$2,353,749.00",679.2545 ETH,"4,921","4,844","9,670"
SpaceCraft,"$2,337,250.00","4,097,597.27 WAX","1,546","1,770","5,922"
Dark Country,"$2,326,669.00","14,937,508.76 WAX","9,041","5,841","176,118"
MLB Champions,"$2,317,053.00","4,225.9827 ETH","2,144",840,"45,797"
The CryptoMoms,"$2,301,719.00",615.5742 ETH,"1,872","2,365","3,217"
3D Soldiers,"$2,280,702.00","15,168.37 SOL","2,288","3,275","5,715"
Diamond Town Heads,"$2,246,427.00","24,178.32 SOL","4,774","4,807","9,628"
DiamondHands,"$2,219,019.00",644.5207 ETH,"2,142","1,440","5,727"
Fearless Bulls Club,"$2,206,200.00","22,234.53 SOL","4,094","1,225","11,049"
Space Heroes,"$2,205,878.00","5,812,589.82 WAX","2,779","3,498","37,628"
Soras Dreamworld,"$2,205,868.00",628.3698 ETH,"3,051","2,346","6,178"
Gloom Punk Club,"$2,205,138.00","13,390.40 SOL","3,396","3,214","8,130"
Shredded Apes Gym Club,"$2,193,212.00","18,410.20 SOL","2,952",606,"6,737"
Great Expectations,"$2,163,361.00","2,162,767.71 DAI",179,961,"1,308"
Gorilla Nemesis,"$2,155,775.00",656.4771 ETH,"1,685","1,351","4,503"
Lucky Maneki,"$2,138,435.00",856.6673 ETH,"2,512","2,308","8,372"
FudFarm,"$2,136,158.00",591.8340 ETH,"2,477","1,413","6,233"
DarleyGo Genesis Cards,"$2,122,246.00","22,487.90 SOL","2,206",794,"5,318"
The Fellowship,"$2,113,044.00","21,229.09 SOL","3,442","1,281","6,443"
OctoHedz Reloaded,"$2,111,206.00",513.7094 ETH,"1,594","1,242","3,868"
Chalk Bored Ape Syndicate,"$2,080,088.00","16,202.52 SOL","3,310",234,"8,209"
Hopper,"$2,075,347.00","25,508.88 AVAX","1,988",375,"6,007"
6 Rings,"$2,073,625.00","23,695.70 SOL","1,798","2,044","3,289"
Dopex Halloween NFT,"$2,073,470.00",654.2329 ETH,24,25,25
Crypto Hodlers,"$2,066,219.00",894.6167 ETH,"2,451","1,815","5,915"
The Lofts Business Club,"$2,053,870.00","22,990.30 SOL","3,905","4,391","6,681"
FXHASH,"$2,030,221.00","585,641.53 XTZ","3,177","3,423","30,324"
Dope Apes,"$2,025,318.00","15,351.87 SOL","5,909","3,183","11,812"
Seafarmers,"$2,004,277.00","6,601,476.42 WAX","1,665","1,815","6,029"
J. Pierce & Friends,"$1,971,345.00",639.5536 ETH,"2,895","1,956","5,166"
Baboblex,"$1,969,815.00","10,119.57 SOL","1,141",940,"1,687"
SongADay,"$1,963,256.00","100,555.9928 ETH","1,949","1,092","3,287"
Slumdoge Bill.,"$1,960,530.00",883.1589 ETH,"2,853","1,758","7,473"
Eternal Royals,"$1,931,461.00",556.9187 ETH,"1,559",931,"4,197"
Beast Garden,"$1,909,280.00","3,036,338.94 WAX","3,429","3,765","43,425"
Worlds of Dr. Hems,"$1,903,911.00","3,885,825.61 WAX","2,751","3,868","50,309"
Pancake Squad,"$1,897,098.00","5,067.98 BNB",555,525,"1,083"
Solana HODL Whales,"$1,891,681.00","21,165.79 SOL","2,277","2,095","4,460"
DeFi Land Seeds,"$1,888,570.00","17,494.62 SOL","3,623",924,"6,445"
Relics Lab,"$1,885,784.00","17,708.00 SOL","5,795","2,243","8,783"
Feline Fiendz,"$1,882,124.00",723.0954 ETH,"4,257","3,581","7,938"
The Eunoia,"$1,876,661.00","18,095.00 SOL",759,289,"1,141"
Metavillage,"$1,859,131.00","19,184.87 SOL","3,630","2,327","6,854"
Chinese Zodiac,"$1,845,458.00","1,135,972.35 MATIC",72,1,743
Fab Punks,"$1,817,746.00","12,203.33 SOL","1,858","3,006","8,241"
MV Identities,"$1,803,118.00",489.8600 ETH,8,8,8
Shogun War,"$1,798,628.00","254,002.6334 ETH","1,134","2,703","3,588"
Doodle Dogs,"$1,797,145.00",867.5092 ETH,"4,036","2,151","8,682"
CryptoPolz,"$1,790,420.00",466.9264 ETH,"3,309","1,714","7,197"
The Slow Patrol,"$1,788,970.00","10,845.48 SOL","2,889","1,986","6,840"
Pixel Bands,"$1,781,656.00","13,584.18 SOL","3,429",385,"7,714"
Space Apes Empire,"$1,767,846.00","15,489.36 SOL","1,311",211,"2,990"
Bobu the Bean Farmer,"$1,761,144.00",683.2674 ETH,"5,077","5,082","6,563"
Garbage Pail Kids,"$1,732,373.00","23,901,491.43 WAX","8,769","5,774","218,858"
Cyber Samurai,"$1,710,626.00","11,394.59 SOL","1,226","1,838","3,314"
Shaq Gives Back,"$1,706,882.00",447.1866 ETH,"5,631","2,826","8,762"
AfroDroids,"$1,705,172.00",462.5177 ETH,"2,550","1,573","5,393"
Standametti,"$1,701,464.00",470.6916 ETH,"1,867","1,499","3,418"
Cometh Spaceships,"$1,687,969.00","1,039.2632 ETH",691,188,"2,146"
Wicked Penguins,"$1,685,720.00","11,119.81 SOL","4,145","4,468","9,135"
NFT Panda,"$1,676,780.00","4,024,282.42 WAX","8,347","7,461","83,889"
Guild Saga Heroes,"$1,675,138.00","18,431.58 SOL","3,775","5,084","8,661"
Love Addicted,"$1,672,840.00",575.5721 ETH,"3,399","2,062","5,326"
Marines And Aliens Game,"$1,653,745.00",659.69 MATIC,"1,300","1,259","6,327"
FCF Ballerz,"$1,628,196.00",549.1304 ETH,"1,204","1,372","4,915"
Barn Owlz,"$1,615,597.00",606.9492 ETH,"1,985","1,464","5,098"
AvaxApes,"$1,614,308.00","173,275.91 AVAX",947,806,"2,291"
Degenz,"$1,610,128.00",532.2588 ETH,"2,065","1,908","4,910"
Drippies,"$1,599,683.00","19,254.74 SOL","3,585","4,119","5,529"
Moshiheads,"$1,588,306.00","18,133.09 SOL","2,680","2,789","4,662"
Crypto Farms,"$1,582,882.00","5,665,114.26 WAX","1,774","2,262","7,576"
HodlGod,"$1,556,083.00","7,441,597.81 WAX","4,418","7,562","42,054"
Gener8tive,"$1,554,633.00",636.7353 ETH,199,150,347
Eitbit Apes,"$1,546,738.00","9,482.75 SOL","3,109","3,533","7,354"
Cyborg Iguanas,"$1,539,946.00","16,869.67 SOL","2,072","2,249","3,919"
Meta Drago Gen2,"$1,525,420.00","10,830.51 SOL","2,568","1,355","5,117"
Daku Reapers,"$1,494,983.00","16,057.93 SOL","1,827","1,495","3,283"
The White Room,"$1,493,374.00",412.7096 ETH,"1,861","1,737","3,351"
Mile High Ape Club,"$1,488,162.00","15,723.19 SOL","2,722","1,155","6,001"
Lunaria,"$1,476,787.00","10,064.59 SOL","4,387","5,954","10,902"
Slacker Duck Pond,"$1,458,732.00",705.6855 ETH,"3,028","1,611","9,750"
SolAnimals,"$1,454,207.00","14,190.86 SOL","1,272",996,"2,347"
SolSocks,"$1,434,490.00","8,733.61 SOL",227,113,295
The Wonderquest,"$1,433,917.00",513.8954 ETH,"1,420","1,190","4,163"
Dappie Gang,"$1,430,500.00","14,390.72 SOL","1,793",540,"5,294"
Spicy Pumpkins,"$1,405,562.00",435.0305 ETH,"1,531","1,682","3,328"
Block Cities,"$1,402,054.00",528.4736 ETH,668,401,"1,936"
Guppy Gang,"$1,384,498.00",410.1979 ETH,772,"1,000","2,384"
Pixelglyphs,"$1,373,477.00",488.2455 ETH,"2,269","1,550","7,448"
Degenerate Ape Kindergarten,"$1,366,128.00","14,718.43 SOL",426,272,715
EL33T,"$1,365,347.00","15,474.07 AVAX","1,841",6,"6,094"
Solamanders,"$1,356,493.00","8,596.06 SOL","1,558","2,169","5,029"
Fast Food Nouns,"$1,355,374.00",375.6827 ETH,636,490,"1,270"
The Horrors,"$1,347,525.00","11,010,772.46 WAX","7,666","8,763","148,749"
Origin Stories 1,"$1,343,182.00",474.1191 ETH,"3,468",523,"4,195"
Yat,"$1,337,280.00",414.6294 ETH,"1,077",484,"1,575"
AncientRealm,"$1,321,014.00","3,952,054.56 WAX","3,732","5,300","25,681"
Sailors World,"$1,315,560.00","4,592,983.12 WAX","1,806","1,721","5,469"
Infinity Frogs NFT,"$1,310,390.00",365.4742 ETH,"2,240","1,525","4,318"
CryptoCribs,"$1,305,014.00","9,291.97 SOL","3,693",256,"6,649"
Blazed Cats,"$1,296,760.00",428.0420 ETH,"2,676","1,554","5,663"
Robo Cocks,"$1,273,151.00","14,357.95 SOL","2,507","3,060","5,724"
Sewer Rat,"$1,263,393.00",436.4613 ETH,"2,179","1,892","5,540"
Solana Mees,"$1,260,298.00","9,594.11 SOL","1,409","1,997","5,451"
SameToadz,"$1,256,175.00",348.8463 ETH,"2,300","2,130","4,625"
gmoot,"$1,250,176.00","8,309.95 SOL","1,960","1,652","6,024"
LOOK LABS 420 Game Key,"$1,248,236.00",463.0839 ETH,659,620,"1,155"
Game Disease,"$1,229,228.00",306.9965 ETH,597,788,"1,621"
Nova Rally,"$1,220,997.00","6,697,653.23 WAX","4,636","4,565","111,826"
OG Atadians,"$1,218,974.00","14,492.29 SOL","2,559","2,786","4,450"
Chikn,"$1,203,837.00","15,665.85 AVAX",271,287,556
Blockchain Brawlers,"$1,202,329.00","3,772,519.06 WAX",529,829,"1,863"
Sol Lions,"$1,191,971.00","6,703.65 SOL","3,036","2,906","6,762"
Realm,"$1,189,541.00",445.9360 ETH,695,439,"1,924"
Moon Stones,"$1,186,995.00","2,949,172.59 WAX","2,567","3,765","14,670"
Beyond Humanity,"$1,175,256.00",341.0835 ETH,"1,818","1,339","3,822"
SAMO NFT,"$1,170,949.00","11,474.86 SOL","1,195","1,397","3,760"
SolDads,"$1,170,590.00","7,082.74 SOL","3,133","3,711","6,517"
Cypher City,"$1,160,396.00",414.3226 ETH,"2,680","1,564","6,062"
Yoshi Drops,"$1,138,376.00","7,876,557.01 WAX","10,119","86,575","354,554"
REVV Racing,"$1,132,804.00","700,033.59 MATIC","16,063","13,499","45,118"
Ponpave,"$1,131,190.00",270.8676 ETH,"2,259",238,"2,869"
Hot Wheels,"$1,113,364.00","1,906,335.43 WAX","5,241","5,512","42,094"
SolWarriors,"$1,109,087.00","7,509.84 SOL","1,728","1,008","3,559"
Boring Bananas Co,"$1,108,172.00",366.8069 ETH,"2,556","1,715","7,951"
Bulldog Billionaires,"$1,105,564.00","10,898.96 SOL","1,725",688,"3,170"
JPG People,"$1,105,384.00",290.6693 ETH,"2,596","2,457","4,537"
MonkeLabs DAO,"$1,102,476.00","12,105.09 SOL","2,959","3,029","5,409"
Sea Shanties Citizens Gen1,"$1,093,762.00","12,056.55 SOL","1,120","1,441","2,152"
Untamed Elephants,"$1,093,723.00",387.2443 ETH,"2,666","1,848","5,196"
MixMob,"$1,080,716.00","7,798.62 SOL",610,105,"2,115"
Infinity Serpant,"$1,079,655.00","10,621.69 SOL","2,813",392,"6,251"
Zankoku Cybogrez,"$1,073,720.00","11,737.93 SOL","1,299",756,"2,552"
Galactic Secret,"$1,071,009.00",425.9868 ETH,"2,605","1,576","5,992"
The Uplift World,"$1,057,283.00","4,913,024.18 WAX","1,057",986,"3,551"
Taco,"$1,054,907.00","2,708,348.24 WAX","2,562","3,671","24,765"
Krypton Quest,"$1,046,418.00","3,301,606.52 WAX","3,848","4,396","76,931"
Toddlerpillars,"$1,043,427.00",270.0464 ETH,"2,590","1,363","5,063"
BC Heroes,"$1,042,392.00","16,522,119.21 WAX","5,746","6,076","140,886"
BongHeads,"$1,035,438.00","11,457.67 SOL","1,847","2,165","2,972"
RealFevr,"$1,027,617.00","2,247.74 BNB","1,536","1,244","21,990"
Project Tenjin,"$1,025,146.00","11,394.73 SOL","1,704","1,940","2,743"
MuleSquad,"$1,020,314.00",286.8252 ETH,449,457,841
Meta Homes,"$995,345.00","4,361.19 SOL",614,523,"1,024"
Project Eluune,"$968,221.00","5,589.39 SOL",794,973,"1,771"
PolyFarm,"$964,084.00",284.30 MATIC,"1,389",960,"5,045"
Panda Street,"$951,284.00","6,122.05 SOL","1,953","1,473","6,725"
Lotus Gang NFT,"$942,081.00","6,838.34 SOL","2,167",747,"3,975"
Kreechures,"$941,273.00","6,621.17 SOL",445,410,831
GlizzyGang,"$927,646.00",259.2840 ETH,"2,026","1,416","3,894"
Pootopia,"$914,699.00","1,000,000,316.0891 ETH","1,904","1,071","3,134"
Nice Drips,"$895,514.00",300.3664 ETH,"2,480","1,231","5,483"
Froggies Beginnings,"$878,038.00",243.4357 ETH,"1,259","1,028","2,659"
Cool Beans,"$871,666.00","5,572.32 SOL","1,887","1,476","4,242"
Royal Lion Party Club,"$869,717.00","8,720.67 SOL","1,304",588,"2,421"
ArtMonkees,"$867,222.00","9,250.92 SOL","3,703","2,392","7,998"
Tezzards,"$861,649.00","214,877.06 XTZ",287,10,493
The Kitty Butts,"$843,651.00",278.2184 ETH,"2,270","1,223","5,733"
HDPunks,"$837,548.00",278.1218 ETH,944,375,"2,954"
Rogue Pandas,"$835,610.00","5,797.11 SOL","3,363","1,130","7,942"
Cyborg Ape Society,"$832,358.00","7,083.19 SOL",768,138,"1,639"
Kenn Bosak,"$829,167.00","4,699,404.58 WAX","7,840","8,704","84,780"
Solana Puppy Pound,"$826,859.00","9,191.91 SOL","2,208","2,559","5,576"
Doodle Kongz,"$814,506.00",194.5457 ETH,958,663,"1,443"
AntiSocial Robot,"$807,382.00","4,824.16 SOL","1,994","2,722","4,813"
The Wolf Gang,"$804,975.00",270.8985 ETH,"2,459","1,247","4,763"
Magnum AI,"$796,786.00","8,290.15 SOL","2,135","2,703","3,511"
Mr.Bojangles,"$793,380.00",223.6393 ETH,614,509,"1,224"
Daring Dragons,"$785,499.00","4,954.87 SOL","2,673","2,820","7,061"
BattleBoobas,"$785,429.00","8,742.25 AVAX",871,2,"2,754"
Retro Wolves,"$777,649.00","7,612.30 SOL","1,379",312,"2,305"
DCBears,"$774,951.00","4,858.41 SOL",771,483,"1,699"
SolStash,"$770,275.00","4,183.07 SOL",944,842,"3,162"
Shizen Orochi,"$760,053.00","7,951.21 SOL","2,232","1,571","4,357"
Pizza Game Chefs,"$757,985.00","75,067,719.99 AVAX","1,337",503,"2,663"
Gnome Series,"$752,472.00","4,368,405.15 WAX","8,056","14,570","206,582"
Ghost Guys,"$751,033.00","8,246.11 SOL","2,422","2,814","4,551"
Goblin Goons,"$745,651.00",331.1932 ETH,"1,659",959,"4,764"
Sugar Realm,"$743,394.00","9,093.08 SOL","3,621","3,638","6,014"
Duck Patrol,"$743,355.00","7,964.42 SOL","1,391",807,"2,550"
The Lizard Lab,"$742,431.00",224.6558 ETH,"1,747","1,281","3,759"
G-Bots,"$735,481.00",187.5929 ETH,577,655,"1,597"
Radical Digital Painting,"$731,581.00",204.1304 ETH,78,15,198
Degen Lady Ape,"$731,366.00","5,263.47 SOL","2,517",172,"5,117"
PUNKS Comic 2 TROPO,"$729,360.00",240.1503 ETH,865,215,916
Galaxy Miners,"$710,733.00","2,514,891.71 WAX","1,461","1,282","6,768"
Upland Collectibles,"$704,420.00","3,088,846.58 WAX","5,695","4,438","90,372"
Sneaky Slamberts,"$698,452.00","6,932.16 SOL","2,459",516,"5,516"
Skyline,"$696,459.00","4,642.13 SOL","2,140","2,330","4,283"
AVAXWARRIORS,"$685,537.00","10,125.06 AVAX","1,710",45,"4,267"
Secret Kongz Society,"$670,523.00","6,575.68 SOL","1,054",199,"2,306"
Baby BOOGLE,"$669,217.00","4,024.27 SOL","1,651",647,"2,991"
Visionary Studios,"$666,439.00","7,942.50 SOL",182,235,251
Devil Kidz,"$655,420.00","6,511.69 SOL",411,324,621
Mary Janes,"$643,894.00","7,188.62 SOL",592,548,764
Shizuka,"$640,537.00",223.9910 ETH,"1,449",645,"1,849"
Land Vault,"$640,353.00",204.6828 ETH,123,161,310
Fly Guys,"$636,849.00","7,467.82 SOL",718,822,"1,099"
Portals Citizen Cards,"$633,547.00","7,180.35 SOL",718,788,"1,097"
The Polarians,"$633,517.00","5,982.96 SOL","3,347",749,"6,081"
PUNKS Comic 2 LONESTAR,"$627,657.00",206.1024 ETH,903,218,939
Iconic Ape Club,"$624,563.00","5,549.79 SOL","2,087","2,128","3,962"
Degen Lizzy,"$618,012.00","4,085.75 SOL","2,128","1,890","4,136"
Abstratica,"$614,984.00","5,194.74 SOL",380,386,583
Pixel Apes,"$601,539.00",190.4730 ETH,705,294,"1,614"
Bit Kongz,"$594,969.00","10,158.3268 ETH","1,551",744,"3,132"
Eternal,"$586,271.00","586,270.90 Flow","1,551","1,984","37,308"
Hash Demons,"$582,854.00",261.2746 ETH,"1,486",780,"3,910"
The Red Village Champions,"$573,645.00",213.41 MATIC,377,382,"1,068"
Vaxxed Doggos,"$572,544.00","5,409.66 SOL","1,666",217,"3,090"
Starbots Robot,"$572,447.00","6,728.51 SOL","2,095","2,004","4,312"
Tribal Books,"$571,443.00","4,038,907.21 WAX","1,330","1,568","10,338"
Midgard,"$565,281.00","1,197,778.55 WAX","3,399","3,460","23,392"
SSBxSolPunks,"$563,385.00","6,208.10 SOL",179,211,268
Godzilla,"$562,505.00","2,071,801.99 WAX","3,997","3,800","70,715"
MIP Network,"$556,508.00",206.5107 ETH,"1,256","2,099","2,913"
Solanauts,"$545,867.00","3,614.95 SOL",173,142,274
Castles NFT Game,"$543,206.00","1,935,860.50 WAX","1,273","1,302","11,700"
Star Trek,"$535,659.00","1,298,087.97 WAX","3,537","4,067","109,874"
Pilgrim Society,"$532,403.00","3,276.18 SOL",338,181,626
Almost Famous Pandas,"$531,311.00","5,988.87 SOL","2,233","3,000","5,468"
Solice Genesis Avatars,"$525,028.00","5,744.50 SOL",230,178,506
MoondUsa,"$520,781.00","6,224.20 SOL","1,599","1,873","4,162"
NFT Battle Miners,"$520,224.00","1,140,526.70 WAX","1,758","2,428","36,554"
Xapes Lab,"$519,039.00","4,813.72 SOL","1,658",618,"3,719"
Mad Cat Militia,"$512,943.00",223.7528 ETH,"1,218",764,"3,149"
PUNKS Comic 2 HANZO,"$511,043.00",167.1148 ETH,886,191,915
PUNKS Comic 2 KING BLACKBORED,"$508,401.00",166.7619 ETH,873,189,899
Gator Squad,"$508,051.00","6,042.34 SOL","1,998","2,074","3,541"
PUNKS Comic 2 BBA,"$501,671.00",165.1517 ETH,852,164,882
Ryu NFTs,"$499,475.00","6,517.65 AVAX",939,5,"1,999"
AvaxHomes,"$490,112.00","4,450.28 AVAX","1,954",20,"2,575"
Panda Fraternity,"$482,832.00","3,173.73 SOL","1,637","1,367","3,084"
Doodle Rooms,"$482,610.00",175.7913 ETH,"1,737","1,036","4,289"
Flunk Donkeys,"$481,582.00","3,216.21 SOL","1,501","1,143","3,145"
Galaktika,"$476,038.00","1,941,276.04 WAX","2,669","2,991","28,329"
Ehecati Baby Dragons,"$473,996.00","4,287.09 SOL","1,717",291,"2,909"
Voidlight,"$472,135.00","1,703,451.19 WAX",900,"1,018","4,576"
Procedural Space,"$471,178.00",149.2556 ETH,652,470,"1,690"
GrandTheftBacon,"$463,194.00","141,125,897.76 AVAX","1,214",330,"2,627"
Baby Ape Tiger Club,"$463,161.00","4,843.92 SOL","1,091",530,"2,245"
Cartombs,"$461,572.00","1,900,933.00 WAX","4,950","6,595","81,875"
Topps Timeless,"$458,788.00",175.0000 ETH,1,1,1
RealmNFT,"$456,849.00","1,182,195.21 WAX","3,177","4,993","40,908"
CryptomonKeys,"$450,568.00","2,625,525.67 WAX","3,651","10,899","63,055"
Metawana,"$448,585.00","5,405.98 SOL","1,549","1,540","3,297"
Meta Ape Elite Club,"$445,494.00","5,288.91 SOL","2,066","2,959","4,592"
Solsunsets,"$441,344.00","2,473.82 SOL","1,209",289,"3,306"
AlienX,"$439,298.00","3,065.98 SOL",462,501,756
Cryptovoxel Wearables,"$437,951.00",212.6786 ETH,"1,695",297,"4,986"
Bitverse Comics,"$436,300.00","2,425,428.75 WAX","8,598","7,964","84,501"
Mutant Warriors,"$435,022.00","2,752,988.43 WAX","4,136","6,480","69,889"
LazyBearZ,"$434,598.00","4,596.03 SOL","1,503",825,"2,951"
MetaOps,"$433,073.00","4,818.70 SOL","1,722","1,780","3,198"
Solana Surfers,"$432,843.00","2,528.65 SOL","1,118",662,"2,855"
ClashDome,"$432,723.00","1,689,417.17 WAX","1,114","2,073","4,303"
Real Psycho Teddy Bear,"$427,328.00",127.5679 ETH,"1,084",879,"2,100"
Zilla Vs Kong,"$426,725.00","4,837.85 SOL",269,341,382
PUNKS Comic 2 KIKI,"$424,963.00",139.6893 ETH,815,167,871
MetaSoccer Youth Soccer,"$419,925.00",154.94 MATIC,295,252,682
CronosChimp,"$411,662.00","7,542,417.47 CRO",407,444,806
PUNKS Comic 2 GOLD-RILLA,"$406,904.00",133.3780 ETH,827,163,860
Hydra Scripts,"$402,988.00","3,909.45 SOL","1,022",251,"1,177"
BF Heroes,"$398,510.00","1,309.4044 ETH",840,821,"5,261"
Robotech,"$380,084.00","2,744,466.83 WAX","9,557","14,051","123,720"
Synapses,"$378,306.00","2,540.92 SOL",312,439,748
Lost At Sea,"$358,953.00","3,715.53 SOL","1,870",852,"4,043"
The Anonymous Order,"$356,662.00",105.86 MATIC,97,90,132
Inverse Bears,"$354,312.00","2,243.25 SOL",557,490,"1,371"
Heaven Land HTO VIP NFT,"$343,252.00","3,740.00 SOL",5,1,7
SolCats,"$340,833.00","1,997.02 SOL",837,"1,346","1,617"
Reddit Cryptosnoos,"$339,792.00",112.0000 ETH,2,2,2
bracketX Access Pass,"$339,501.00","4,133.75 SOL","1,839","1,659","2,854"
The Matrix,"$332,189.00","332,188.31 DAI","1,022","1,548","3,550"
The Monkey Design Club,"$326,471.00","3,708.43 SOL",871,"1,219","1,829"
Void Elementals,"$313,938.00","2,013,347.46 WAX","2,361","6,200","24,844"
Golden Grenade,"$310,834.00",102.77 MATIC,32,44,46
Danerob Puppies,"$306,806.00","1,777.99 SOL","1,168",807,"2,237"
Cosmic Clash,"$306,181.00","1,021,728.32 WAX","1,080","1,130","5,669"
MutantBatz by Ozzy Osbourne,"$304,875.00",113.8511 ETH,227,262,310
OG Women,"$304,662.00","3,655.66 SOL",544,609,937
MiceOnToadz,"$304,213.00",84.9127 ETH,306,397,454
Cubist Collective,"$297,511.00","3,307.54 SOL","1,177","1,599","2,174"
PxWizards,"$297,138.00","3,073.13 SOL","1,423",867,"2,864"
Draco Dice,"$296,378.00","511,331.85 WAX","1,648","4,026","27,720"
BOSS BULLS,"$292,545.00","3,486.06 AVAX",780,10,"2,915"
Reckless Whales,"$290,613.00",146.2731 ETH,"1,584",833,"3,819"
Weezer,"$283,955.00","1,176,807.25 WAX","5,226","7,615","37,411"
Project Akira,"$281,727.00","2,832.12 SOL","1,621",766,"3,352"
Dust,"$275,403.00","1,402,378.26 WAX",306,215,"1,391"
Honshu Wolves,"$275,228.00","3,074.59 SOL","1,023","1,250","2,190"
Block Chumps,"$270,316.00","2,912.28 SOL",883,68,"1,662"
The Octos,"$266,635.00","1,949.87 SOL","1,488","1,155","3,076"
UpliftArt,"$259,622.00","3,475,121.49 WAX","2,468","1,937","18,527"
DeFi Land Gen0 NFTs,"$259,272.00","2,799.71 SOL",542,615,"1,876"
Degen Coin Flip Player Card,"$251,960.00","2,310.15 SOL","1,037",855,"1,558"
Blacklist,"$251,128.00",96.7830 ETH,733,464,"1,067"
Spiderman No Way Home,"$249,164.00","553,297.55 WAX",462,"1,114","1,317"
KitPics,"$248,419.00",69.2426 ETH,400,344,996
SamuraiDoge,"$248,390.00",69.8179 ETH,502,442,"1,055"
Atari,"$243,904.00","2,784,995.60 WAX","2,330","1,093","32,006"
Mintin,"$243,447.00","2,695.69 SOL","1,312",900,"1,515"
Office Land,"$228,509.00","554,392.72 WAX","4,030","3,768","21,146"
Tech Folk,"$225,721.00","2,387.54 SOL","1,071",195,"4,417"
Alien Fat Boi Club,"$224,515.00",80.15 MATIC,9,1,17
Farmers Marketverse,"$223,688.00",66.7993 ETH,407,463,"1,288"
Dirtbox,"$212,575.00","2,272.39 SOL",529,96,"1,013"
Exit Limbo,"$207,284.00","1,040,783.88 WAX","4,297","4,444","34,191"
Degens Farm,"$204,135.00",79.7891 ETH,77,74,200
Inverted Ape Club,"$204,094.00",64.2379 ETH,298,425,724
OddKey Spawnoki Genesis,"$200,612.00","2,399.66 SOL",586,809,"1,062"
Metal War Game,"$199,323.00","945,309.55 WAX","2,177","2,019","9,509"
Oni Ronin,"$193,464.00",49.0697 ETH,325,426,646
Monsters of Rap,"$192,650.00","1,472,909.16 WAX","4,137","7,128","50,539"
Genisis Cosmos,"$189,929.00","226,161,068.02 MATIC",142,231,488
Power Packs,"$185,179.00","704,926.97 WAX",866,"1,379","8,618"
Kusho World,"$176,256.00","97,397.33 MATIC","2,655",270,"3,825"
Nft Stonkers,"$175,040.00","812,038.76 WAX","1,767","2,989","13,435"
deadmau5,"$174,012.00","2,462,760.96 WAX","2,140","1,624","19,017"
MEKAMOUNTS,"$173,493.00","1,374.51 SOL",831,334,"1,532"
Radar Pass,"$171,841.00","1,634.25 SOL",233,79,330
Nfft,"$171,263.00",74.1278 ETH,97,84,239
Leonard Nimoy,"$170,323.00","722,924.51 WAX","2,045","3,652","42,900"
FLegends,"$169,754.00","1,015,580.39 WAX","1,086","1,302","3,397"
Dark Pinup,"$169,517.00","1,076,613.65 WAX","2,895","4,408","45,176"
PixelFolk,"$168,571.00","1,234.82 SOL",822,20,"1,362"
Pass the Baton,"$167,345.00",43.8965 ETH,263,61,441
Lunaroid,"$166,210.00","1,766.08 SOL","1,045",646,"1,993"
Player Tokens,"$164,883.00",53.1685 ETH,271,84,"1,146"
Mini Goros,"$164,128.00","1,673.58 MATIC",705,361,"3,425"
GoPepe,"$163,559.00","3,539,449.74 WAX","2,145","2,533","49,954"
Dawa Monkes,"$163,178.00","1,932.21 SOL",249,208,701
Nifty Wizards,"$162,638.00","2,086,067.06 WAX","1,833","2,218","15,932"
Pixel Heroes X,"$159,552.00","4,186.17 MATIC","1,306",441,"3,134"
Avalant,"$157,630.00","3,804.25 AVAX",603,501,"1,314"
Bitcoin Elite,"$155,859.00","1,214,093.24 WAX","3,196","3,964","15,115"
SolTigers,"$153,950.00",941.48 SOL,706,511,"2,203"
Nft Draft,"$149,747.00","717,832.23 WAX","1,603","3,278","50,602"
Psyker,"$149,174.00","1,680.65 SOL","1,376","1,473","2,869"
Rabbit College Club,"$146,204.00",50.9524 ETH,"1,111",542,"2,006"
The Glitterflies,"$144,818.00","1,730.41 SOL",268,352,387
Illuminati Owls,"$143,586.00","2,012.60 AVAX",554,24,"1,230"
Ancestral Umans,"$143,287.00","20,495,977.04 FTM",83,19,124
Shiba Pad,"$139,809.00","1,650.91 SOL",611,581,"1,037"
SassyChimps,"$139,304.00",40.5304 ETH,317,225,671
Ghostbusters,"$131,685.00",31.3407 ETH,391,381,636
Polkamon,"$131,321.00","113,849.80 BNB",549,603,"2,870"
DegenApeClub,"$130,365.00",339.94 BNB,533,288,"1,327"
Skrapper Legends,"$128,168.00","944,764.08 WAX",354,597,"1,380"
Smoky Ape Basement Club,"$122,544.00","1,150.68 SOL",504,267,"1,219"
FancyBabyBirds,"$120,041.00","2,605,413.88 MATIC",129,180,759
Space Shibas,"$119,100.00",37.0749 ETH,257,275,764
BitUmens,"$117,444.00","17,511,733.49 FTM",19,6,31
Stryking,"$116,180.00",782.4603 ETH,32,14,93
Monk Mafia,"$113,201.00","1,240.30 SOL",342,373,"1,051"
CRO CROW,"$111,541.00","356,773.68 CRO",490,459,"1,754"
SamuraiRising,"$109,809.00","35,572.44 BNB",201,208,789
Zendodo Party,"$108,489.00","259,422.74 WAX","1,647","3,266","11,647"
Ultra Rare,"$107,517.00","602,551.10 WAX","3,765","6,940","42,141"
Shatner,"$107,449.00","2,037,746.79 WAX",598,382,"22,941"
ICE Poet,"$106,216.00",39.57 MATIC,21,21,21
Pro Punks,"$105,189.00",34.26 MATIC,197,32,414
Squirrelly Squirrels,"$104,197.00",34.3083 ETH,167,33,220
Writer,"$104,121.00","360,011.32 WAX",702,"1,009","11,105"
Zombiecoin,"$102,066.00","235,109.23 WAX","1,854","1,838","19,330"
MetaWarden,"$99,394.00",256.58 BNB,41,37,44
High Rollers,"$99,382.00","1,204.62 SOL",361,479,564
Tales Of The Crypto,"$98,947.00","505,161.43 WAX","2,016","3,963","19,487"
Harmonia Goyas Land,"$97,220.00","306,119.57 WAX",836,996,"2,670"
Motogp,"$92,064.00","92,029.11 Flow",477,"1,072","3,265"
The Funky Chicken,"$87,987.00","23,442.65 MATIC",107,61,252
Muhammad Ali,"$87,526.00","451,168.37 WAX","3,263","9,586","26,347"
Awkward Astronauts,"$87,520.00",29.2812 ETH,68,85,102
Bud Farm,"$84,155.00","499,504.12 WAX","5,504","9,347","36,675"
Mona Spaces,"$82,470.00",22.47 MATIC,12,31,33
MiniChillas,"$80,968.00","64,790.95 FTM",147,111,438
BananaNFT,"$80,623.00","1,176.92 AVAX",293,8,596
Dr Zammsy,"$80,360.00","399,905.13 WAX","1,057","4,007","10,917"
MetaRim,"$73,087.00",174.64 BNB,94,115,173
Beardies,"$72,797.00","245,085.81 FTM",44,6,80
Ishiki Arata,"$70,802.00","295,380.85 WAX","1,504","2,314","12,541"
PolyFarmer,"$68,883.00","144,025.67 MATIC",420,491,"1,210"
Bob Ross x Funko,"$67,636.00","189,572.92 WAX","1,499","1,259","19,060"
Imposter Punks,"$66,356.00","534,384.80 WAX",504,"1,156","2,858"
Paris ELK,"$64,672.00",18.6512 ETH,96,108,247
Pollen NFT,"$62,172.00","3,551.44 AVAX",358,8,690
Alpaca Worlds,"$59,656.00","372,323.08 WAX","1,475","3,294","14,955"
The Nifty Shop,"$58,876.00","571,323.65 WAX",895,"1,192","3,083"
Goat Gang,"$58,354.00",503.61 SOL,581,403,"1,131"
Sisterhood of the Knives,"$57,639.00",671.17 SOL,269,340,759
Boysterous,"$56,689.00","384,635.14 WAX","1,227","3,466","11,053"
The Crypto Cartel,"$54,936.00",14.0589 ETH,154,36,191
Dappradar,"$54,790.00","162,623.61 WAX",475,"2,307","4,493"
Luna Park,"$53,868.00","441,018.70 WAX","3,494","5,397","57,409"
Mafagafo Avatar,"$48,131.00","18,349.56 BNB",224,121,778
Cyber Neko,"$48,111.00","454,478.79 FTM",70,26,203
GEEPEEKAY x R2,"$46,480.00","72,978.89 WAX","1,961","3,523","23,374"
MyBias (Swith),"$44,684.00",16.72 MATIC,32,57,105
Babymetal,"$44,396.00","205,145.34 WAX",216,316,"1,857"
Etherworlds,"$39,847.00",15.8045 ETH,48,21,98
MultiNode,"$38,616.00",114.28 BNB,38,37,52
Chill Cats,"$38,205.00",386.45 SOL,700,311,"1,204"
In The Moment,"$33,346.00","204,588.67 WAX",487,792,"3,227"
Crypto Twerpz,"$29,550.00","641,665.00 WAX",241,324,"2,970"
Binance Bull,"$28,658.00","2,215.35 BNB",115,111,284
Bratz,"$26,396.00","328,634.56 WAX",153,89,553
Freeport Meta,"$26,263.00",67.65 BNB,185,277,783
Lil Bulls,"$23,095.00",62.63 BNB,146,80,303
Grimace Coin NFT,"$22,698.00",58.56 BNB,71,49,119
Armies Of Power,"$21,196.00","117,479.58 WAX","1,767","3,169","30,411"
Box Maze,"$20,529.00","173,949.57 WAX",721,689,"10,704"
Monsta Party,"$16,719.00",41.14 BNB,47,59,89
TWO Botanica,"$16,566.00","226,175.93 WAX","1,097","1,532","11,215"
Cat Coin Cat Club,"$16,140.00",40.94 BNB,102,63,178
ZilStars,"$15,534.00","170,383.00 ZIL",3,7,7
GoodleDinos,"$14,226.00",4.87 MATIC,668,222,"4,573"
Golum,"$13,901.00","8,928.49 FTM",105,33,224
Fantastik Plastik x Funko,"$12,994.00","39,156.45 WAX","1,130","1,184","9,423"
The Lonely Hearts Club,"$11,466.00",2.5856 ETH,58,56,75
Saw,"$11,255.00","58,153.21 WAX","1,722","5,360","13,803"
Dust Miners,"$11,033.00",3.1643 ETH,33,47,96
Monkey Bytes,"$10,904.00",4.6200 ETH,6,1,6
Skullz,"$9,623.00","59,150.72 WAX",771,"1,224","4,648"
VanCity Outbreak,"$9,200.00","203,580.20 WAX",617,516,"12,262"
Pepe.Hero,"$9,144.00","93,012.22 WAX",743,703,"6,467"
NFTrippy,"$9,114.00","18,938.51 WAX",247,456,"1,038"
NFT Hype Album,"$6,761.00","162,892.06 WAX",43,26,133
Orb Pets,"$6,749.00",1.5319 ETH,14,23,32
Bitcoin Babes,"$6,428.00","18,420.34 WAX",410,545,"1,349"
Rebel Rabbits,"$6,096.00","57,468.77 WAX",215,187,911
NiftyCards,"$6,006.00","82,077.68 WAX",328,608,"1,426"
MOG Monster,"$5,030.00",12.42 BNB,14,17,33
hotcakes,"$5,018.00","120,670.88 WAX",295,208,"2,481"
CRYPTOWHEELS,"$4,992.00",2.5800 ETH,6,7,10
CryptoWaifus,"$3,736.00","1,571.61 AVAX",19,5,26
CryptoMines Fleet,"$3,502.00","7,075.50 BNB",54,"1,709","4,031"
Cosmic Caps,"$3,079.00",0.9878 ETH,16,15,24
Dickheads,"$2,287.00",0.6613 ETH,14,10,19
Axes Metaverse,"$2,004.00","284,865.29 BNB",4,5,6
CrowPunks,"$1,120.00",0.2532 ETH,19,23,29
Old World Money,"$1,104.00","7,583.15 WAX",561,"1,015","3,555"
JOEZ NFT,$823.00,0.2770 ETH,3,2,3
FanFavz,$650.00,"2,229.79 WAX",22,19,110
Wizards Festival,$339.00,0.1300 ETH,4,4,5